prt_res,low,low_med,med_stro,strong
68/TYR,"EFP,EPP,MVP",,,
69/VAL,"DCV,EPP,MVP",,,
70/ASP,"DCV,DTP,MVP,OMT,TMT,VMT",EPP,,
71/THR,DCV,,,
76/PHE,MVP,,,
78/GLY,"DCV,DTP,EPP,MVP,OMT,TMT,VMT",,,
79/THR,"EPP,MVP,OMT,TMT",DCV,,
81/MET,"DTP,MVP,OMT,VMT",,,
82/TRP,"EFP,ODM",,EPP,"DCV,DTP,MVP,OMT,TMT,VMT"
83/ASN,"DCV,DTP,MVP,TMT",,EPP,
84/PRO,"DTP,EPP",,,
113/TRP,VMT,,,
115/TYR,"DTP,VMT",,,
116/GLY,"DTP,EFP,EPP,OMT,TMT,VMT",,,
117/GLY,"DCV,EFP,MAP,TMT",MVP,"DTP,OMT,VMT",EPP
118/GLY,"DCV,DTP,EPP,MAP,MVP,ODM,TMT","OMT,VMT",,EFP
119/PHE,"EFP,MAP",,,
120/TYR,"DCV,DTP,EPP,MAP,MVP,ODM,OMT,TMT",VMT,,EFP
121/SER,"DCV,DTP,EFP,MVP,OMT,TMT,VMT",,EPP,
122/GLY,"DCV,DTP,EPP,TMT,VMT",,,
123/ALA,DTP,,,
126/LEU,"DTP,EPP,VMT",,,
127/ASP,VMT,,,
128/VAL,"DTP,VMT",,,
129/TYR,"DCV,EPP,MVP,OMT",DTP,VMT,
198/GLU,"DCV,EFP,MAP,MVP,ODM,OMT",DTP,TMT,"EPP,VMT"
199/SER,"DTP,EFP,MVP,ODM",EPP,"MAP,OMT,VMT",TMT
200/ALA,"DTP,EFP,MAP,MVP,ODM,OMT,TMT,VMT",,,
225/SER,"EPP,MAP,OMT,TMT,VMT",,ODM,
226/GLY,"MAP,TMT",ODM,,
227/ALA,,ODM,,
230/GLY,ODM,,,
231/PRO,ODM,,,
232/TRP,"DTP,EPP,MVP,OMT,TMT,VMT",,EFP,"MAP,ODM"
233/ALA,ODM,,,
276/TRP,OMT,EFP,,
279/LEU,EFP,,,
281/GLN,EFP,,,
283/SER,EFP,,,
284/VAL,EFP,,,
285/PHE,"DTP,MAP,MVP,OMT","EPP,ODM,TMT,VMT",EFP,
286/ARG,,,EFP,
287/PHE,"DCV,DTP,EPP,MVP,ODM,OMT,TMT,VMT","EFP,MAP",,
290/VAL,EFP,,,
319/GLY,ODM,,,
320/VAL,ODM,,,
324/GLU,"EPP,MAP,MVP,ODM,OMT,TMT,VMT",,,
325/GLY,"MAP,ODM",,,
327/TYR,"MAP,VMT","DTP,TMT","MVP,OMT","DCV,EFP,EPP,ODM"
328/PHE,"DCV,DTP,EPP,MVP,TMT,VMT","EFP,ODM,OMT",MAP,
331/TYR,"DCV,DTP,EPP,MVP,TMT",EFP,OMT,
332/GLY,EFP,,,
396/ASN,"EFP,MAP",ODM,,
397/VAL,"EFP,MAP,TMT,VMT",,ODM,
398/VAL,ODM,,,
400/PRO,ODM,,,
401/VAL,ODM,,,
429/TRP,"DCV,DTP,MVP,OMT,TMT,VMT",,,
436/PRO,"DCV,MVP,TMT",,,
437/HIS,"DTP,EFP,MVP",OMT,"DCV,EPP,MAP,ODM,TMT",VMT
438/GLY,"DCV,DTP,EPP,MVP,TMT",VMT,,
439/TYR,"EPP,MVP,TMT,VMT",DCV,,
440/GLU,VMT,,,
441/ILE,"DTP,EPP,VMT",,,
442/GLU,VMT,,,
